stuID,Fname,Lanme,section,total
100,Harvey,Davies,A,0
101,Caoimhin,Kelleher,A,0
102,Trent,Alexander-Arnold,A,0
103,Stefan,Baj?eti?,A,0
104,Luke,Chambers,A,0
105,Joe,Gomez,A,0
106,Ibrahima,KonatT,A,0
107,Joel,Matip,A,0
108,Nathaniel,Phillips,A,0
109,Calvin,Ramsay,A,0
110,Kostas,Tsimikas,A,0
76,Gabriel,Gudmundsson,A,0
77,,Ismaily,A,0
78,JosT,Fonte,A,0
79,Tiago,Djal=,A,0
80,Leny,Yoro,A,0
81,Akim,Zedadka,A,0
82,Benjamin,AndrT,A,0
83,AndrT,Gomes,A,0
84,Carlos,Baleba,A,0
85,RTmy,Cabella,A,0
86,Angel,Gomes,A,0
87,Jonas,Martin,A,0
88,Ugo,Raghouber,A,0
89,Jonathan,Bamba,A,0
90,Mohamed,Bayo,A,0
91,Jonathan,David,A,0
92,JosT,Bica,A,0
93,Isaac,Lihadji,A,0
94,Adam,Ounas,A,0
95,Alan,Virginius,A,0
96,Timothy,Weah,A,0
97,Edon,Zhegrova,A,0
98,Aron,Adrißn,A,0
99,James,Alisson,A,0
100,Harvey,Davies,A,70
101,Caoimhin,Kelleher,A,0
102,Trent,Alexander-Arnold,A,0
103,Stefan,Baj?eti?,A,0
104,Luke,Chambers,A,0
105,Joe,Gomez,A,0
106,Ibrahima,KonatT,A,0
107,Joel,Matip,A,0
108,Nathaniel,Phillips,A,0
109,Calvin,Ramsay,A,0
110,Kostas,Tsimikas,A,0
76,Gabriel,Gudmundsson,A,0
77,,Ismaily,A,0
78,JosT,Fonte,A,0
79,Tiago,Djal=,A,0
80,Leny,Yoro,A,0
81,Akim,Zedadka,A,0
82,Benjamin,AndrT,A,0
83,AndrT,Gomes,A,0
84,Carlos,Baleba,A,0
85,RTmy,Cabella,A,0
86,Angel,Gomes,A,0
87,Jonas,Martin,A,0
88,Ugo,Raghouber,A,0
89,Jonathan,Bamba,A,0
90,Mohamed,Bayo,A,0
91,Jonathan,David,A,0
92,JosT,Bica,A,0
93,Isaac,Lihadji,A,0
94,Adam,Ounas,A,0
95,Alan,Virginius,A,0
96,Timothy,Weah,A,0
97,Edon,Zhegrova,A,0
98,Aron,Adrißn,A,0
99,James,Alisson,A,0
100,Harvey,Davies,A,0
101,Caoimhin,Kelleher,A,0
102,Trent,Alexander-Arnold,A,0
103,Stefan,Baj?eti?,A,0
104,Luke,Chambers,A,0
105,Joe,Gomez,A,0
106,Ibrahima,KonatT,A,0
107,Joel,Matip,A,0
108,Nathaniel,Phillips,A,0
109,Calvin,Ramsay,A,0
110,Kostas,Tsimikas,A,0
76,Gabriel,Gudmundsson,A,0
77,,Ismaily,A,0
78,JosT,Fonte,A,0
79,Tiago,Djal=,A,0
80,Leny,Yoro,A,0
81,Akim,Zedadka,A,0
82,Benjamin,AndrT,A,0
83,AndrT,Gomes,A,0
84,Carlos,Baleba,A,0
85,RTmy,Cabella,A,0
86,Angel,Gomes,A,0
87,Jonas,Martin,A,0
88,Ugo,Raghouber,A,0
89,Jonathan,Bamba,A,0
90,Mohamed,Bayo,A,0
91,Jonathan,David,A,0
92,JosT,Bica,A,0
93,Isaac,Lihadji,A,0
94,Adam,Ounas,A,0
95,Alan,Virginius,A,0
96,Timothy,Weah,A,0
97,Edon,Zhegrova,A,0
98,Aron,Adrißn,A,0
99,James,Alisson,A,0
100,Harvey,Davies,A,70
101,Caoimhin,Kelleher,A,35
102,Trent,Alexander-Arnold,A,55
103,Stefan,Baj?eti?,A,0
104,Luke,Chambers,A,0
105,Joe,Gomez,A,0
106,Ibrahima,KonatT,A,0
107,Joel,Matip,A,0
108,Nathaniel,Phillips,A,0
109,Calvin,Ramsay,A,0
110,Kostas,Tsimikas,A,0
76,Gabriel,Gudmundsson,A,0
77,,Ismaily,A,0
78,JosT,Fonte,A,0
79,Tiago,Djal=,A,0
80,Leny,Yoro,A,0
81,Akim,Zedadka,A,0
82,Benjamin,AndrT,A,0
83,AndrT,Gomes,A,0
84,Carlos,Baleba,A,0
85,RTmy,Cabella,A,0
86,Angel,Gomes,A,0
87,Jonas,Martin,A,0
88,Ugo,Raghouber,A,0
89,Jonathan,Bamba,A,0
90,Mohamed,Bayo,A,0
91,Jonathan,David,A,0
92,JosT,Bica,A,0
93,Isaac,Lihadji,A,0
94,Adam,Ounas,A,0
95,Alan,Virginius,A,0
96,Timothy,Weah,A,0
97,Edon,Zhegrova,A,0
98,Aron,Adrißn,A,0
99,James,Alisson,A,0
100,Harvey,Davies,A,70
100,Harvey,Davies,A,70
100,Harvey,Davies,A,70
100,Harvey,Davies,A,30
