courseID,course_name,creditHours,preReq
MATH101,Calculus I,3,NULL
MATH102,Calculus II,3,MATH101
MATH201,Calculus III,3,MATH102
STAT101,Introduction to Statistics,3,NULL
STAT202,Regression Analysis,3,STAT101
PHYS101,Introductory Physics I,4,NULL
PHYS102,Introductory Physics II,4,PHYS101
CHEM101,General Chemistry I,4,NULL
CHEM102,General Chemistry II,4,CHEM101
CSCI101,Introduction to Computer Science,3,NULL
CSCI102,Data Structures and Algorithms,3,CSCI101
CSCI201,Operating Systems,3,CSCI102
CSCI202,Database Systems,3,CSCI102
CSCI301,Computer Networks,3,CSCI201
CSCI302,Web Development,3,CSCI201
ENG101,Composition I,3,NULL
ENG102,Composition II,3,ENG101
HIST101,World History I,3,NULL
HIST102,World History II,3,HIST101
PSYCH101,Introduction to Psychology,3,NULL
PSYCH202,Abnormal Psychology,3,PSYCH101
BIO101,Introduction to Biology,4,NULL
BIO102,General Biology,4,BIO101
ECON101,Principles of Microeconomics,3,NULL
ECON202,Principles of Macroeconomics,3,ECON101
ACCT101,Financial Accounting,3,NULL
ACCT202,Managerial Accounting,3,ACCT101
MGMT101,Introduction to Management,3,NULL
MGMT202,Organizational Behavior,3,MGMT101
MARK101,Principles of Marketing,3,NULL
MARK202,Consumer Behavior,3,MARK101
PHIL101,Introduction to Philosophy,3,NULL
PHIL202,Ethics,3,PHIL101
SOCI101,Introduction to Sociology,3,NULL
SOCI202,Social Problems,3,SOCI101
ANTH101,Introduction to Anthropology,3,NULL
ANTH202,Cultural Anthropology,3,ANTH101
ARAB101,Arabic I,3,NULL
ARAB102,Arabic II,3,ARAB101
CHIN101,Chinese I,3,NULL
CHIN102,Chinese II,3,CHIN101
FREN101,French I,3,NULL
FREN102,French II,3,FREN101
GERM101,German I,3,NULL
GERM102,German II,3,GERM101
ITAL101,Italian I,3,NULL
ITAL102,Italian II,3,ITAL101
JAPN101,Japanese I,3,NULL
JAPN102,Japanese II,3,JAPN101
KORE101,Korean I,3,NULL
1001,Data Structures,3,OOP
1005,Differential Equations,3,Calculus I
