stuID,Fname,Lanme
76,Gabriel,Gudmundsson
77,,Ismaily
78,JosT,Fonte
79,Tiago,Djal=
80,Leny,Yoro
81,Akim,Zedadka
82,Benjamin,AndrT
83,AndrT,Gomes
84,Carlos,Baleba
85,RTmy,Cabella
86,Angel,Gomes
87,Jonas,Martin
88,Ugo,Raghouber
89,Jonathan,Bamba
90,Mohamed,Bayo
91,Jonathan,David
92,JosT,Bica
93,Isaac,Lihadji
94,Adam,Ounas
95,Alan,Virginius
96,Timothy,Weah
97,Edon,Zhegrova
98,Aron,Adrißn
99,James,Alisson
100,Harvey,Davies
101,Caoimhin,Kelleher
102,Trent,Alexander-Arnold
103,Stefan,Baj?eti?
104,Luke,Chambers
105,Joe,Gomez
106,Ibrahima,KonatT
107,Joel,Matip
108,Nathaniel,Phillips
109,Calvin,Ramsay
110,Kostas,Tsimikas
